应用名称,原始行号
Canon Generic Plus PCL6 打印机驱动程序卸载程序,26
Canon Generic Plus UFR II 打印机驱动程序卸载程序,25
Canon LBP161 162 UFRII LT 卸载程序,15
Canon LBP6230 6240 卸载程序,25
Canon MF240 Series,15
Canon MF260 II Series,25
Canon TS3400 series Driver,12
Canon UFR II 打印机驱动程序卸载程序,25
Canon iR C3125,54
Epson iProjection Ver.3.32,12
Epson iProjection Ver.3.34,54
SP Label Printer Driver,4
TEPRA Label Editor SPC10 Printer Driver,51
UFR II 打印机驱动程序卸载程序,2
WebPrinter,18
Windows 驱动程序包 - Argox Printer  (03/19/2013 7.3.3.1),14
Windows 驱动程序包 - Argox Printer  (05/03/2017 7.4.3.1),15
Windows 驱动程序包 - Argox Printer (05/03/2017 7.4.3.1),23
Windows 驱动程序包 - Argox Printer (07/10/2013 7.3.4.0),31
Windows 驱动程序包 - HP (WirelessButtonDriver64) HIDClass (06/20/2017 1.1.20.1),3
Windows 驱动程序包 - Lenovo (ACPIVPC) System  (06/16/2017 15.11.28.173),49
Windows 驱动程序包 - Lenovo (ACPIVPC) System (06/16/2017 15.11.28.173),24
Windows 驱动程序包 - QR-668 Printer (04/05/2016 1.2.0.0),4
Windows 驱动程序包 - TSC Printer (02/17/2014 7.3.4.5),26
卸载 EPSON LQ-630K ESC/P2 打印机工具,4
卸载 EPSON LQ-630KII ESC/P2 打印机工具,21
卸载 EPSON LQ-635KII ESC/P2 打印机工具,64
卸载 EPSON LQ-680K II ESC/P2 打印机工具,18
打印机驱动助手,31
联想驱动管理,31
贸促会ECO打印组件,22
