无锡铭耀机电设备有限公司,[],[],[],[],[],[]
山东亿格其工业自动化技术有限公司,[],[],[],[],[],[]
山东亿格其工业自动化技术有限公司,[],[],[],[],[],[]
深圳市宝芯微科技有限公司,[],[],[],[],[],[]
青岛路博恒业环保科技有限公司,[],[],[],[],[],[]
李沧区顺鑫通达商行,[],[],[],[],[],[]
青岛明博环保科技有限公司,[],[],[],[],[],[]
上海菱联自动化控制技术有限公司,[],[],[],[],[],[]
山东安瑞智能科技有限公司,[],[],[],[],[],[]
山东安海环境科技有限公司,[],[],[],[],[],[]
,[],[],[],[],[],[]
苏州费斯杰自动化技术有限公司,[],[],[],[],[],[]
北京中恒安科技股份有限公司,[],[],[],[],[],[]
青岛路博建业环保科技有限公司,[],[],[],[],[],[]
北京舒致科技有限公司,[],[],[],[],[],[]
厦门孟康电气有限公司,[],[],[],[],[],[]
青岛协诚创新环保科技有限公司,[],[],[],[],[],[]
合肥河姆博人工环境科技有限公司,[],[],[],[],[],[]
上海桂伦自动化设备有限公司,[],[],[],[],[],[]
厦门圣企机电设备有限公司,[],[],[],[],[],[]
青岛路博建业环保科技有限公司,[],[],[],[],[],[]
青岛和诚环保科技有限公司,[],[],[],[],[],[]
济宁宝盛信息科技有限公司,[],[],[],[],[],[]
成都市吉顺优品科技有限公司,[],[],[],[],[],[]
青岛路博生物医疗科技有限公司,[],[],[],[],[],[]
青岛明成环保科技有限公司,[],[],[],[],[],[]
深圳市智鑫乐科技有限公司,[],[],[],[],[],[]
青岛路博建业环保科技有限公司,[],[],[],[],[],[]
成都善荣机电设备有限公司,[],[],[],[],[],[]
深圳市粤骏腾电子科技有限公司,[],[],[],[],[],[]
深圳市九方航科技有限公司,[],[],[],[],[],[]
深圳市汇莱威科技有限公司,[],[],[],[],[],[]
深圳市顺兴微科技有限公司,[],[],[],[],[],[]
深圳市广悦鑫电子有限公司,[],[],[],[],[],[]
深圳市新思汇科技有限公司,[],[],[],[],[],[]
深圳市向阳芯城科技有限公司,[],[],[],[],[],[]
深圳市东芯盛科技有限公司,[],[],[],[],[],[]
深圳市华挚芯科技有限公司,[],[],[],[],[],[]
深圳市迈锐达科技有限公司,[],[],[],[],[],[]
深圳市华鸿芯科技有限公司,[],[],[],[],[],[]
青岛热持环保科技有限公司,[],[],[],[],[],[]
青岛热持环保科技有限公司,[],[],[],[],[],[]
青岛路博建业环保科技有限公司,[],[],[],[],[],[]
青岛热持环保科技有限公司,[],[],[],[],[],[]
厦门永益晟机械设备有限公司,[],[],[],[],[],[]
深圳市邦正电子科技有限公司,[],[],[],[],[],[]
深圳市圣安科技有限公司,[],[],[],[],[],[]
深圳盛思瑞创科技有限公司,[],[],[],[],[],[]
青岛协诚创新环保科技有限公司,[],[],[],[],[],[]
深圳市龙宏电子科技有限公司,[],[],[],[],[],[]
泉州市国邦机电设备有限公司,[],[],[],[],[],[]
上海菱联自动化控制技术有限公司,[],[],[],[],[],[]
南京泰泽电气有限公司,[],[],[],[],[],[]
北京克林尔环保科技有限公司,[],[],[],[],[],[]
深圳市润泽恒达电子科技有限公司,[],[],[],[],[],[]
青岛新业环保科技有限公司,[],[],[],[],[],[]
深圳市欣向阳科技有限公司,[],[],[],[],[],[]
沃亿宏电气科技（上海）有限公司,[],[],[],[],[],[]
深圳市粤科源兴科技有限公司,[],[],[],[],[],[]
厦门阿提美工业有限公司,[],[],[],[],[],[]
青岛热持环保科技有限公司,[],[],[],[],[],[]
上多川工业技术（苏州）有限公司,[],[],[],[],[],[]
厦门鼎隆电气有限公司,[],[],[],[],[],[]
上海乾拓贸易有限公司,[],[],[],[],[],[]
云鼎工品（北京）商贸有限公司,[],[],[],[],[],[]
厦门格欧康自动化设备有限公司,[],[],[],[],[],[]
深圳市泰德兰电子有限公司,[],[],[],[],[],[]
青岛协诚创新环保科技有限公司,[],[],[],[],[],[]
上海宛畅实业有限公司,[],[],[],[],[],[]
深圳市华芝杰电子有限公司,[],[],[],[],[],[]
上海畅为实业有限公司,[],[],[],[],[],[]
青岛路博建业环保科技有限公司,[],[],[],[],[],[]
深圳市乐众文化科技有限公司,[],[],[],[],[],[]
深圳市金慧谷科技发展有限公司,[],[],[],[],[],[]
山东芯科环境科技有限公司,[],[],[],[],[],[]
南京创道科技有限公司,[],[],[],[],[],[]
上海臻丽拾网络科技有限公司,[],[],[],[],[],[]
厦门德品电气有限公司,[],[],[],[],[],[]
福建凌基电气有限公司,[],[],[],[],[],[]
深圳市庆隆伟业科技有限公司,[],[],[],[],[],[]
深圳市腾运泰科技有限公司,[],[],[],[],[],[]
上海持承自动化设备有限公司,[],[],[],[],[],[]
青岛辰飞环保科技有限公司,[],[],[],[],[],[]
上海乾拓贸易有限公司,[],[],[],[],[],[]
浙江乐兆电气有限公司,[],[],[],[],[],[]
北京三源科技有限公司,[],[],[],[],[],[]
天津福业动力机械科技发展有限公司,[],[],[],[],[],[]
西安霍茵贝姆电子科技有限公司,[],[],[],[],[],[]
青岛大森环保设备有限公司,[],[],[],[],[],[]
东方化玻（北京）科技有限公司,[],[],[],[],[],[]
万通智能装备（苏州）有限公司,[],[],[],[],[],[]
深圳市易臻电子科技有限公司,[],[],[],[],[],[]
东莞市楚环传感技术有限公司,[],[],[],[],[],[]
北京杰斯曼科技有限公司,[],[],[],[],[],[]
李沧区恒瑞兴达仪器仪表行,[],[],[],[],[],[]
潍坊艾沃环保设备有限公司,[],[],[],[],[],[]
深圳市金慧谷科技发展有限公司,[],[],[],[],[],[]
青岛华璟环保科技有限公司,[],[],[],[],[],[]
南京海伦机械设备有限公司,[],[],[],[],[],[]
李沧区荣事通达商行,[],[],[],[],[],[]
深圳市如苏传感技术有限公司,[],[],[],[],[],[]
北京东方海泰科技有限公司,[],[],[],[],[],[]
合肥永辰机电设备有限公司,[],[],[],[],[],[]
郑州兆为仪器设备有限公司,[],[],[],[],[],[]
银潢（上海）实业有限公司,[],[],[],[],[],[]
成都金虎和美劳保用品有限公司,[],[],[],[],[],[]
深圳市盈宏半导体科技有限公司,[],[],[],[],[],[]
上海施欧格电气有限公司,[],[],[],[],[],[]
陕西沃信机电工程有限公司,[],[],[],[],[],[]
深圳市易佳杰电子科技有限公司,[],[],[],[],[],[]
青岛恒昌盛旭环保科技有限公司,[],[],[],[],[],[]
上海臻丽拾网络科技有限公司,[],[],[],[],[],[]
深圳市金华洋世纪科技有限公司,[],[],[],[],[],[]
上海菱联自动化控制技术有限公司,[],[],[],[],[],[]
深圳市群创伟业科技有限公司,[],[],[],[],[],[]
深圳市华芯购电子有限公司,[],[],[],[],[],[]
深圳市腾迅辉电子科技有限公司,[],[],[],[],[],[]
深圳市铭昌源科技有限公司,[],[],[],[],[],[]
李沧区锦宏盛达仪器仪表商行,[],[],[],[],[],[]
深圳市龙资源精密模具有限公司,[],[],[],[],[],[]
上海朗大光电科技有限公司,[],[],[],[],[],[]
厦门叁恒一速科技有限公司,[],[],[],[],[],[]
西安唯信机电设备有限公司,[],[],[],[],[],[]
东方微电科技（武汉）有限公司,[],[],[],[],[],[]
深圳市图腾自动化科技有限公司,[],[],[],[],[],[]
青岛新业环保科技有限公司,[],[],[],[],[],[]
深圳市欧门氏机电设备有限公司,[],[],[],[],[],[]
深圳市新东明电子有限公司,[],[],[],[],[],[]
北京欧信胜科技有限公司,[],[],[],[],[],[]
苏州顺熙达电子科技有限公司,[],[],[],[],[],[]
上海持承自动化设备有限公司,[],[],[],[],[],[]
深圳德泰威尔科技有限公司,[],[],[],[],[],[]
诚远消防设备（山东）有限公司,[],[],[],[],[],[]
上海泛赋化工科技有限公司,[],[],[],[],[],[]
广州工常伴科技有限公司,[],[],[],[],[],[]
兴垣合（上海）自动化设备有限公司,[],[],[],[],[],[]
青岛明成环保科技有限公司,[],[],[],[],[],[]
晶蚨半导体(深圳)有限公司,[],[],[],[],[],[]
济南隆安电子有限公司,[],[],[],[],[],[]
山东京昊化工有限公司,[],[],[],[],[],[]
上海臻丽拾网络科技有限公司,[],[],[],[],[],[]
江门市安泰电子有限公司,[],[],[],[],[],[]
深圳市欣悦达电子科技有限公司,[],[],[],[],[],[]
远为国际贸易（无锡）有限公司,[],[],[],[],[],[]
上海京工实业有限公司,[],[],[],[],[],[]
北京科丰泰科技有限公司,[],[],[],[],[],[]
成都善荣机电设备有限公司,[],[],[],[],[],[]
广州市信亦达电子科技有限公司,[],[],[],[],[],[]
上海京灿精密机械有限公司,[],[],[],[],[],[]
深圳市华芯购电子有限公司,[],[],[],[],[],[]
上海图为实业发展有限公司,[],[],[],[],[],[]
深圳市前宇技术开发有限公司,[],[],[],[],[],[]
深圳市福田区恒胜达电子商行,[],[],[],[],[],[]
深圳市博雅盈达科技有限公司,[],[],[],[],[],[]
青岛明博环保科技有限公司,[],[],[],[],[],[]
厦门欣锐仪器仪表有限公司,[],[],[],[],[],[]
福建展明电气有限公司,[],[],[],[],[],[]
济南威世德电子科技有限公司,[],[],[],[],[],[]
深圳市鑫业新光电有限公司,[],[],[],[],[],[]
山东科安创信科技有限公司,[],[],[],[],[],[]
广州市壹诺化工科技有限公司,[],[],[],[],[],[]
上海和宏诚塑胶科技有限公司,[],[],[],[],[],[]
四川宇欣科技有限公司,[],[],[],[],[],[]
泉州市海科恩机械设备有限公司,[],[],[],[],[],[]
北京菁美瑞科技有限公司,[],[],[],[],[],[]
深圳市金科世纪电子有限公司,[],[],[],[],[],[]
深圳市科亚奇科技有限公司,[],[],[],[],[],[]
天津恒祥泰科技有限公司,[],[],[],[],[],[]
郑州沃为智能仪器有限公司,[],[],[],[],[],[]
杭州禄豪科技有限公司,[],[],[],[],[],[]
深圳市鑫欧野仪器有限公司,[],[],[],[],[],[]
上海楚工实业有限公司,[],[],[],[],[],[]
安利航（北京）科技有限公司,[],[],[],[],[],[]
北京斯达沃科技有限公司,[],[],[],[],[],[]
青岛绿蓝环保技术有限公司,[],[],[],[],[],[]
深圳市大兴化工有限公司,[],[],[],[],[],[]
青岛辰飞环保科技有限公司,[],[],[],[],[],[]
济南智赢电子有限公司,[],[],[],[],[],[]
青岛协诚创新环保科技有限公司,[],[],[],[],[],[]
